id,title,category,severity,lat,lon,country,source,link,timestamp
rss-1760193502924-95526-0,Mobilisation de recettes vs inclusion financière : le dilemme de la taxation du mobile money au Sénégal,RSS,2,7.3697,12.3547,Cameroon,theconversation.com,https://theconversation.com/africa/articles.atom,2025-10-10T10:46:54Z
rss-1760193502927-27102-1,Gauteng’s ‘Coloured’ community feels unsafe: who they are and why they’re discouraged,Civil Unrest,3,7.028,20.03,South Africa,theconversation.com,https://theconversation.com/africa/articles.atom,2025-10-09T14:12:20Z
rss-1760193502927-64049-2,What do Nigerian children think about computers? Our study found out,Infrastructure,2,8.202,4.231439,Ghana,theconversation.com,https://theconversation.com/africa/articles.atom,2025-10-09T14:12:16Z
rss-1760193502928-85575-3,Southern right whales are having fewer calves: what this says about ocean health,RSS,2,-30.5595,22.9375,South Africa,theconversation.com,https://theconversation.com/africa/articles.atom,2025-10-09T14:12:13Z
rss-1760193502928-46780-4,Un félin au bord l'extinction : comment sauver les derniers guépards du Nord-Ouest africain,Civil Unrest,3,28.0339,1.6596,Algeria,theconversation.com,https://theconversation.com/africa/articles.atom,2025-10-09T08:58:42Z
rss-1760193504277-56170-1,Sudan: El Fasher mosque and hospital attacks leave at least 20 dead,RSS,2,12.8628,30.2176,Sudan,news.un.org,https://news.un.org/feed/view/en/story/2025/10/1166068,"Thu, 09 Oct 2025 12:00:00 +0000"
rss-1760193505050-53693-2,Ethiopia: Mental health care cannot wait in Tigray,RSS,2,9.145,40.4897,Ethiopia,www.msf.org,https://www.msf.org/ethiopia-mental-health-care-cannot-wait-tigray,"Fri, 10 Oct 2025 11:44:44 +0000"
rss-1760193506672-44779-0,Morocco's king addresses parliament amid mounting tensions,RSS,2,31.7917,-7.0926,Morocco,www.africanews.com,http://www.africanews.com/2025/10/11/king-mohammed-vi-addresses-parliament-amid-mounting-tensions/,"Sat, 11 Oct 2025 13:15:04 +0000"
rss-1760193506672-96927-3,Trump supporters disappointed after Nobel Peace Prize goes to Venezuela’s Machado,RSS,2,15.4542,18.7322,Chad,www.africanews.com,http://www.africanews.com/2025/10/11/trump-supporters-disappointed-after-nobel-peace-prize-goes-to-venezuelas-machado/,"Sat, 11 Oct 2025 07:37:13 +0000"
rss-1760193506672-91275-7,Ethiopian coffee exports earn more than $500 million in just two months,RSS,2,9.145,40.4897,Ethiopia,www.africanews.com,http://www.africanews.com/2025/10/10/ethiopian-coffee-exports-earn-more-than-500-million-in-just-two-months/,"Fri, 10 Oct 2025 15:14:34 +0000"
rss-1760193506672-94236-8,"President Tinubu grants clemency to 175 Nigerians, pardons national heroes",RSS,2,17.6078,8.0817,Niger,www.africanews.com,http://www.africanews.com/2025/10/10/president-tinubu-grants-clemency-to-175-nigerians-pardons-national-heroes/,"Fri, 10 Oct 2025 14:57:26 +0000"
rss-1760193506672-25879-9,Burkina Faso rejects "indecent" US proposal to accept deportees,RSS,2,12.2383,-1.5616,Burkina Faso,www.africanews.com,http://www.africanews.com/2025/10/10/burkina-faso-rejects-indecent-us-proposal-to-accept-deportees/,"Fri, 10 Oct 2025 14:23:23 +0000"
rss-1760193506672-62698-12,Kenya project looks at impact of climate change on women's mental health,RSS,2,-0.0236,37.9062,Kenya,www.africanews.com,http://www.africanews.com/2025/10/10/kenya-project-looks-at-impact-of-climate-change-on-womens-mental-health/,"Fri, 10 Oct 2025 11:30:40 +0000"
rss-1760193506673-15456-13,Senegal reports 17 deaths in rare rift valley fever outbreak,Health,3,14.4974,-14.4524,Senegal,www.africanews.com,http://www.africanews.com/2025/10/10/senegal-reports-17-deaths-in-rare-rift-valley-fever-outbreak/,"Fri, 10 Oct 2025 11:05:54 +0000"
rss-1760193506673-39894-15,Venezuela opposition leader Maria Corina Machado wins Nobel Peace Prize,RSS,2,15.4542,18.7322,Chad,www.africanews.com,http://www.africanews.com/2025/10/10/venezuela-opposition-leader-maria-corina-machado-wins-nobel-peace-prize/,"Fri, 10 Oct 2025 12:15:55 +0000"
rss-1760193506673-80173-16,UN sounds alarm over escalating violence and civilian deaths in Sudan’s El Fasher,Security,4,12.8628,30.2176,Sudan,www.africanews.com,http://www.africanews.com/2025/10/10/un-sounds-alarm-over-escalating-violence-and-civilian-deaths-in-sudans-el-fasher/,"Fri, 10 Oct 2025 11:53:45 +0000"
rss-1760193506673-17828-18,Cameroon’s youth lose faith ahead of Presidential election,RSS,2,7.3697,12.3547,Cameroon,www.africanews.com,http://www.africanews.com/2025/10/10/cameroons-youth-lose-faith-ahead-of-presidential-election/,"Fri, 10 Oct 2025 09:58:48 +0000"
rss-1760193506673-80562-20,"Escalating violence in northern Mozambique leading to new wave of displacements, UNHCR warns",Humanitarian,3,-18.6657,35.5296,Mozambique,www.africanews.com,http://www.africanews.com/2025/10/10/escalating-violence-in-northern-mozambique-leading-to-new-wave-of-displacements-unhcr-warn/,"Fri, 10 Oct 2025 09:47:09 +0000"
rss-1760193506673-52610-22,Salah leads Egypt to World Cup qualification,RSS,2,11.8251,42.5903,Djibouti,www.africanews.com,http://www.africanews.com/2025/10/10/salah-leads-egypt-to-world-cup-qualification/,"Fri, 10 Oct 2025 08:42:14 +0000"
rss-1760193506673-22128-24,Thousands rally for change ahead of Cameroon’s Presidential Election,Civil Unrest,3,7.3697,12.3547,Cameroon,www.africanews.com,http://www.africanews.com/2025/10/10/thousands-rally-for-change-ahead-of-cameroons-presidential-election/,"Fri, 10 Oct 2025 08:07:44 +0000"
rss-1760193506673-57491-25,Morocco protests enter 13th day as youth movement gains momentum,RSS,2,31.7917,-7.0926,Morocco,www.africanews.com,http://www.africanews.com/2025/10/10/morocco-protests-enter-13th-day-as-youth-movement-gains-momentum/,"Fri, 10 Oct 2025 07:15:31 +0000"
rss-1760193506673-41051-26,"Ceasefire progress in Gaza as Egypt praises Trump’s role, urges Israeli restraint",RSS,2,26.8206,30.8025,Egypt,www.africanews.com,http://www.africanews.com/2025/10/10/ceasefire-progress-in-gaza-as-egypt-praises-trumps-role-urges-israeli-restraint/,"Fri, 10 Oct 2025 07:13:47 +0000"
rss-1760193506673-34674-27,"Madagascar’s youth protests escalate, demanding president’s resignation",RSS,2,-18.7669,46.8691,Madagascar,www.africanews.com,http://www.africanews.com/2025/10/09/madagascars-youth-protests-escalate-demanding-presidents-resignation/,"Thu, 09 Oct 2025 19:57:33 +0000"
rss-1760193506673-37107-29,Mali's transitional government dismisses officers over foiled coup attempt,RSS,2,17.5707,-3.9962,Mali,www.africanews.com,http://www.africanews.com/2025/10/09/malis-transitional-government-dismisses-officers-over-foiled-coup-attempt/,"Thu, 09 Oct 2025 16:05:44 +0000"
rss-1760193506673-70897-30,"South Sudan president ousts military chief, reinstates predecessor",RSS,2,7.309,30.655,South Sudan,www.africanews.com,http://www.africanews.com/2025/10/09/south-sudan-president-ousts-military-chief-reinstates-predecessor/,"Thu, 09 Oct 2025 17:33:24 +0000"
rss-1760193506674-93332-33,DRC President Tshisekedi appeals to Kagame to halt M23 violence,RSS,2,-1.9403,29.8739,Rwanda,www.africanews.com,http://www.africanews.com/2025/10/09/drc-president-tshisekedi-appeals-to-kagame-to-halt-m23-violence/,"Thu, 09 Oct 2025 15:32:14 +0000"
rss-1760193506674-72712-40,Exhibition charting development of Nigerian Modernism opens at London's Tate Modern,RSS,2,17.6078,8.0817,Niger,www.africanews.com,http://www.africanews.com/2025/10/09/exhibition-charting-development-of-nigerian-modernism-opens-at-londons-tate-modern/,"Thu, 09 Oct 2025 10:57:52 +0000"
rss-1760193506674-6340-44,Dologuelé enters presidential race despite opposition calls for a boycott,RSS,2,6.6111,20.9394,Central African Republic,www.africanews.com,http://www.africanews.com/2025/10/09/dologuele-enters-presidential-race-despite-opposition-calls-for-a-boycott/,"Thu, 09 Oct 2025 10:39:42 +0000"
rss-1760193506674-6332-48,Congo pushes back against U.S. pressure on critical minerals {Business Africa},RSS,2,33.8869,9.5375,Tunisia,www.africanews.com,http://www.africanews.com/2025/10/09/congo-pushes-back-against-us-pressure-on-critical-minerals-business-africa/,"Thu, 09 Oct 2025 15:39:03 +0000"
rss-1760193506674-7869-49,Health crisis fuels protests across Morocco as citizens demand accountability,RSS,2,31.7917,-7.0926,Morocco,www.africanews.com,http://www.africanews.com/2025/10/09/health-crisis-fuels-protests-across-morocco-as-citizens-demand-accountability/,"Thu, 09 Oct 2025 12:56:39 +0000"
rss-1760193507606-72365-0,World: Girls Pay the Price As Aid Cuts Hit Countries with Deepest Gender Inequality,World,4,-26.5225,31.4659,Eswatini,reliefweb.int,https://reliefweb.int/report/world/girls-pay-price-aid-cuts-hit-countries-deepest-gender-inequality,"Sat, 11 Oct 2025 02:01:00 +0000"
rss-1760193507607-35809-1,Mozambique – Conflict and violence in Cabo Delgado and Nampula affecting civilians,Mozambique,2,-18.6657,35.5296,Mozambique,reliefweb.int,https://reliefweb.int/report/mozambique/mozambique-conflict-and-violence-cabo-delgado-and-nampula-affecting-civilians,"Fri, 10 Oct 2025 21:54:46 +0000"
rss-1760193507607-41351-2,"Mozambique: Rapid Gender Analysis in Muidumbe and Chiure districts, Cabo Delgado",Mozambique,2,-18.6657,35.5296,Mozambique,reliefweb.int,https://reliefweb.int/report/mozambique/rapid-gender-analysis-muidumbe-and-chiure-districts-cabo-delgado,"Fri, 10 Oct 2025 20:19:44 +0000"
rss-1760193507607-44734-3,Haiti: Latinoamérica y El Caribe Resumen de Situación Semanal al 10 de octubre 2025,Haiti,2,4.508,1.133,,reliefweb.int,https://reliefweb.int/report/haiti/latinoamerica-y-el-caribe-resumen-de-situacion-semanal-al-10-de-octubre-2025,"Fri, 10 Oct 2025 19:14:22 +0000"
rss-1760193507607-28548-5,Colombia: Predicción Impactos por Fenómenos Hidrometeorológicos: Cuarto Trimestre 2025,Colombia,3,15.4542,18.7322,Chad,reliefweb.int,https://reliefweb.int/report/colombia/colombia-prediccion-impactos-por-fenomenos-hidrometeorologicos-cuarto-trimestre-2025,"Fri, 10 Oct 2025 18:52:15 +0000"
rss-1760193507607-24169-8,Ethiopia - Humanitarian Update (July-Sept),Ethiopia,2,9.145,40.4897,Ethiopia,reliefweb.int,https://reliefweb.int/report/ethiopia/ethiopia-humanitarian-update-july-sept,"Fri, 10 Oct 2025 16:09:16 +0000"
rss-1760193507608-13740-9,South Sudan: Flooding Situation Flash Update No. 6 (As of 10 October 2025),South Sudan,3,7.309,30.655,South Sudan,reliefweb.int,https://reliefweb.int/report/south-sudan/south-sudan-flooding-situation-flash-update-no-6-10-october-2025,"Fri, 10 Oct 2025 15:58:35 +0000"
rss-1760193507608-66741-14,World: Strengthening mental health services in emergencies across Africa,World,3,15.4542,18.7322,Chad,reliefweb.int,https://reliefweb.int/report/world/strengthening-mental-health-services-emergencies-across-africa,"Fri, 10 Oct 2025 14:32:30 +0000"
rss-1760193507608-69141-17,Ethiopia: Mental health care cannot wait in Tigray,Ethiopia,2,9.145,40.4897,Ethiopia,reliefweb.int,https://reliefweb.int/report/ethiopia/mental-health-care-cannot-wait-tigray,"Fri, 10 Oct 2025 14:27:02 +0000"
rss-1760193507608-44762-18,Shelter Cluster Ukraine: Winter Response Snapshot (October 2025 - April 2026),Ukraine,2,3.3,2.5,,reliefweb.int,https://reliefweb.int/report/ukraine/shelter-cluster-ukraine-winter-response-snapshot-october-2025-april-2026,"Fri, 10 Oct 2025 14:21:51 +0000"
rss-1760193507608-54718-19,World: 2025 Global Hunger Index by Severity,World,2,-3.3731,29.9189,Burundi,reliefweb.int,https://reliefweb.int/map/world/2025-global-hunger-index-severity,"Fri, 10 Oct 2025 14:18:11 +0000"
rss-1760193509029-37970-0,"Green earthquake alert (Magnitude 5.5M, Depth:54.706km) in South Sandwich Islands Region 11/10/2025 13:08 UTC, [unknown].",Natural Hazard,3,-56.3773,-26.5568,,www.gdacs.org,https://www.gdacs.org/report.aspx?eventtype=EQ&eventid=1504583,"Sat, 11 Oct 2025 13:24:19 GMT"
rss-1760193509029-3282-1,"Green earthquake alert (Magnitude 5.8M, Depth:76.024km) in Russia 11/10/2025 12:25 UTC, 2 thousand in MMI IV.",Natural Hazard,3,50.3263,156.6974,,www.gdacs.org,https://www.gdacs.org/report.aspx?eventtype=EQ&eventid=1504572,"Sat, 11 Oct 2025 12:45:40 GMT"
rss-1760193509029-65512-2,"Green earthquake alert (Magnitude 5.5M, Depth:60.094km) in Philippines 11/10/2025 10:27 UTC, 1.4 million in MMI IV.",Natural Hazard,3,7.2713,126.798,,www.gdacs.org,https://www.gdacs.org/report.aspx?eventtype=EQ&eventid=1504551,"Sat, 11 Oct 2025 10:46:42 GMT"
rss-1760193509029-69590-3,"Green earthquake alert (Magnitude 5.7M, Depth:10km) in Drake Passage 10/10/2025 21:28 UTC, [unknown].",Natural Hazard,3,-60.0413,-62.3553,,www.gdacs.org,https://www.gdacs.org/report.aspx?eventtype=EQ&eventid=1504466,"Fri, 10 Oct 2025 21:50:01 GMT"
rss-1760193509029-20702-4,"Green earthquake alert (Magnitude 7.6M, Depth:10.499km) in Chile 10/10/2025 20:29 UTC, Few people affected in MMI III.",Natural Hazard,3,-60.1738,-61.967,,www.gdacs.org,https://www.gdacs.org/report.aspx?eventtype=EQ&eventid=1504458,"Fri, 10 Oct 2025 20:42:53 GMT"
rss-1760193509029-99332-5,"Green earthquake alert (Magnitude 5.6M, Depth:76.347km) in Russia 10/10/2025 11:16 UTC, 2 thousand in MMI IV.",Natural Hazard,3,50.3802,156.5204,,www.gdacs.org,https://www.gdacs.org/report.aspx?eventtype=EQ&eventid=1504360,"Fri, 10 Oct 2025 11:33:51 GMT"
rss-1760193509029-25997-6,"Green earthquake alert (Magnitude 6.7M, Depth:61.184km) in Philippines 10/10/2025 11:12 UTC, 40 thousand in MMI VI.",Natural Hazard,3,7.1716,126.7553,,www.gdacs.org,https://www.gdacs.org/report.aspx?eventtype=EQ&eventid=1504359,"Fri, 10 Oct 2025 11:23:42 GMT"
rss-1760193509029-36330-7,"Green earthquake alert (Magnitude 5.5M, Depth:158.185km) in Indonesia 10/10/2025 10:02 UTC, 100 thousand in MMI III.",Natural Hazard,3,-6.9375,129.544,,www.gdacs.org,https://www.gdacs.org/report.aspx?eventtype=EQ&eventid=1504344,"Fri, 10 Oct 2025 10:18:38 GMT"
rss-1760193509029-35166-8,"Green earthquake alert (Magnitude 5.6M, Depth:10km) in Micronesia 10/10/2025 09:43 UTC, 1 thousand in MMI&>=II.",Natural Hazard,3,11.4553,141.5675,,www.gdacs.org,https://www.gdacs.org/report.aspx?eventtype=EQ&eventid=1504340,"Fri, 10 Oct 2025 09:59:18 GMT"
rss-1760193509029-45624-9,"Green earthquake alert (Magnitude 5.5M, Depth:67.729km) in Philippines 10/10/2025 03:32 UTC, 810 thousand in MMI IV.",Natural Hazard,3,7.0638,126.8218,,www.gdacs.org,https://www.gdacs.org/report.aspx?eventtype=EQ&eventid=1504282,"Fri, 10 Oct 2025 03:50:19 GMT"
rss-1760193509029-41274-10,Green alert for tropical cyclone KAREN-25. Population affected by Category 1 (120 km/h) wind speeds or higher is 0  (0 in Tropical Storm).,Natural Hazard,3,47.5,-30.2,,www.gdacs.org,https://www.gdacs.org/report.aspx?eventtype=TC&eventid=1001226,"Fri, 10 Oct 2025 03:13:46 GMT"
rss-1760193509029-74775-11,"Green earthquake alert (Magnitude 5.6M, Depth:63.461km) in Philippines 10/10/2025 02:11 UTC, 250 thousand in MMI IV.",Natural Hazard,3,6.9947,126.7969,,www.gdacs.org,https://www.gdacs.org/report.aspx?eventtype=EQ&eventid=1504271,"Fri, 10 Oct 2025 02:31:57 GMT"
rss-1760193509029-33195-12,"Green earthquake alert (Magnitude 6.3M, Depth:10km) in Papua New Guinea 10/10/2025 02:08 UTC, 2 thousand in MMI V.",Natural Hazard,3,-3.0262,147.9689,Guinea,www.gdacs.org,https://www.gdacs.org/report.aspx?eventtype=EQ&eventid=1504270,"Fri, 10 Oct 2025 02:22:52 GMT"
rss-1760193509029-75697-13,"Green earthquake alert (Magnitude 5.9M, Depth:61.636km) in Philippines 10/10/2025 01:51 UTC, 2.9 million in MMI IV.",Natural Hazard,3,7.1014,126.8879,,www.gdacs.org,https://www.gdacs.org/report.aspx?eventtype=EQ&eventid=1504269,"Fri, 10 Oct 2025 02:16:43 GMT"
rss-1760193509029-73209-14,"Orange earthquake alert (Magnitude 7.4M, Depth:58.087km) in Philippines 10/10/2025 01:43 UTC, 3 million (in MMI>=VII).",Natural Hazard,3,7.2649,126.7545,,www.gdacs.org,https://www.gdacs.org/report.aspx?eventtype=EQ&eventid=1504268,"Fri, 10 Oct 2025 01:55:23 GMT"
rss-1760193509029-56728-15,Green alert for tropical cyclone RAYMOND-25. Population affected by Category 1 (120 km/h) wind speeds or higher is 0  (0 in Tropical Storm).,Natural Hazard,3,20.9,-109.2,,www.gdacs.org,https://www.gdacs.org/report.aspx?eventtype=TC&eventid=1001225,"Thu, 09 Oct 2025 15:08:34 GMT"
rss-1760193509029-44707-16,"Green earthquake alert (Magnitude 6.1M, Depth:54.025km) in Russian Federation 09/10/2025 13:28 UTC, 20 thousand in MMI IV.",Natural Hazard,3,51.686,158.212,,www.gdacs.org,https://www.gdacs.org/report.aspx?eventtype=EQ&eventid=1504229,"Thu, 09 Oct 2025 13:47:32 GMT"
rss-1760193509029-34379-17,Green flood alert in Georgia,Natural Hazard,3,41.8242785,46.2738235,,www.gdacs.org,https://www.gdacs.org/report.aspx?eventtype=FL&eventid=1103552,"Fri, 10 Oct 2025 10:14:23 GMT"
rss-1760193509029-96671-18,"Orange earthquake alert (Magnitude 5.5M, Depth:10km) in China 09/10/2025 05:17 UTC, 3 thousand (in MMI>=VII).",Natural Hazard,3,30.9113,99.92,,www.gdacs.org,https://www.gdacs.org/report.aspx?eventtype=EQ&eventid=1504188,"Thu, 09 Oct 2025 05:35:30 GMT"
rss-1760193509029-99752-19,Green flood alert in Spain,Natural Hazard,3,37.9775416,-0.6828446,,www.gdacs.org,https://www.gdacs.org/report.aspx?eventtype=FL&eventid=1103556,"Sat, 11 Oct 2025 07:17:45 GMT"
rss-1760193509029-37131-25,Green flood alert in China,Natural Hazard,3,22.3463347,106.8507445,,www.gdacs.org,https://www.gdacs.org/report.aspx?eventtype=FL&eventid=1103551,"Fri, 10 Oct 2025 10:12:42 GMT"
rss-1760193509029-63607-26,Green flood alert in Philippines,Natural Hazard,3,5.8610055,124.9967013,,www.gdacs.org,https://www.gdacs.org/report.aspx?eventtype=FL&eventid=1103548,"Thu, 09 Oct 2025 21:47:01 GMT"
rss-1760193509030-17743-28,Green flood alert in El Salvador,Natural Hazard,3,13.7126863,-89.17374,,www.gdacs.org,https://www.gdacs.org/report.aspx?eventtype=FL&eventid=1103553,"Sat, 11 Oct 2025 06:13:02 GMT"
rss-1760193509030-67304-31,Green flood alert in Bulgaria,Natural Hazard,3,42.703969,27.8100651,,www.gdacs.org,https://www.gdacs.org/report.aspx?eventtype=FL&eventid=1103550,"Thu, 09 Oct 2025 21:54:12 GMT"
rss-1760193509784-44954-0,Hitachi Energy Asset Suite,Security,4,3.1,6.5,Mali,www.cisa.gov,https://www.cisa.gov/news-events/ics-advisories/icsa-25-282-01,"Thu, 09 Oct 25 12:00:00 +0000"
rss-1760193509784-56787-1,Rockwell Automation Stratix,Security,4,17.1,7.01,Mali,www.cisa.gov,https://www.cisa.gov/news-events/ics-advisories/icsa-25-282-03,"Thu, 09 Oct 25 12:00:00 +0000"
rss-1760193509784-57893-2,Rockwell Automation Lifecycle Services with Cisco,Security,4,7.7,3.1,Mali,www.cisa.gov,https://www.cisa.gov/news-events/ics-advisories/icsa-25-282-02,"Thu, 09 Oct 25 12:00:00 +0000"
rss-1760193509784-17509-3,CISA Adds One Known Exploited Vulnerability to Catalog,Security,4,17.5707,-3.9962,Mali,www.cisa.gov,https://www.cisa.gov/news-events/alerts/2025/10/09/cisa-adds-one-known-exploited-vulnerability-catalog,"Thu, 09 Oct 25 12:00:00 +0000"
rss-1760193510386-73293-0,"Ethiopia&#39;s Amhara: Red Cross evacuates wounded ENDF soldiers, visits detainees",RSS,2,9.145,40.4897,Ethiopia,www.google.com,https://www.google.com/alerts/feeds/09678322071861326813/15478561615984895730,2025-10-11T11:16:04Z
rss-1760193510386-48116-2,<b>Armed conflict</b>-driven environmental degradation and uneven socio-ecological resilience in ...,RSS,2,9.145,40.4897,Ethiopia,www.google.com,https://www.google.com/alerts/feeds/09678322071861326813/15478561615984895730,2025-10-11T00:39:59Z
rss-1760193510386-93710-3,Ongoing Houthi Support Of Somali Terror Groups Threatens Regional Stability,RSS,2,17.5707,-3.9962,Mali,www.google.com,https://www.google.com/alerts/feeds/09678322071861326813/15478561615984895730,2025-10-11T00:02:10Z
rss-1760193510386-41712-4,Security Council LIVE: Ambassadors meet over US strikes against alleged drug traffickers off ...,RSS,2,-4.0383,21.7587,Democratic Republic of the Congo,www.google.com,https://www.google.com/alerts/feeds/09678322071861326813/15478561615984895730,2025-10-10T18:51:51Z
rss-1760193510386-77394-8,Libya&#39;s Path to Stability: Still Blocked by Fragmentation and <b>Armed</b> Rivalries,RSS,2,26.3351,17.2283,Libya,www.google.com,https://www.google.com/alerts/feeds/09678322071861326813/15478561615984895730,2025-10-10T14:40:57Z
rss-1760193510591-64224-0,"The Alliance Of Sahel States Withdraws From The ICC, Raising Fears Of Greater Impunity",RSS,2,12.2383,-1.5616,Burkina Faso,www.google.com,https://www.google.com/alerts/feeds/09678322071861326813/10382831314055122160,2025-10-11T12:50:57Z
rss-1760193510591-36781-1,Ghana and <b>Burkina Faso</b> Strengthen Economic Partnership,RSS,2,12.2383,-1.5616,Burkina Faso,www.google.com,https://www.google.com/alerts/feeds/09678322071861326813/10382831314055122160,2025-10-11T12:31:59Z
rss-1760193510591-43411-2,"Preview: <b>Burkina Faso</b> vs. Ethiopia - prediction, team news, lineups - Sports Mole",Security,4,12.2383,-1.5616,Burkina Faso,www.google.com,https://www.google.com/alerts/feeds/09678322071861326813/10382831314055122160,2025-10-11T11:48:35Z
rss-1760193510591-312-3,<b>Burkina Faso</b> Rejects US Deportee Deal as Washington Suspends Visa Services Amid ...,RSS,2,12.2383,-1.5616,Burkina Faso,www.google.com,https://www.google.com/alerts/feeds/09678322071861326813/10382831314055122160,2025-10-11T11:34:30Z
rss-1760193510591-60180-4,2026 World Cup qualifiers: Probable lineups for <b>Burkina Faso</b> vs Ethiopia - Foot Africa,RSS,2,12.2383,-1.5616,Burkina Faso,www.google.com,https://www.google.com/alerts/feeds/09678322071861326813/10382831314055122160,2025-10-11T11:20:23Z
rss-1760193510591-56893-5,<b>Burkina Faso</b> Detains Eight Humanitarian Workers on Espionage Charges - News Ghana,RSS,2,12.2383,-1.5616,Burkina Faso,www.google.com,https://www.google.com/alerts/feeds/09678322071861326813/10382831314055122160,2025-10-11T11:02:40Z
rss-1760193510591-26033-6,St. Francis coach hits basketball lottery with arrival of 7-foot-3 Cherif Millogo,RSS,2,12.2383,-1.5616,Burkina Faso,www.google.com,https://www.google.com/alerts/feeds/09678322071861326813/10382831314055122160,2025-10-11T11:02:36Z
rss-1760193510591-93751-7,Two powerful quakes strike off southern Philippines and kill at least 7 | AP News,Security,4,12.2383,-1.5616,Burkina Faso,www.google.com,https://www.google.com/alerts/feeds/09678322071861326813/10382831314055122160,2025-10-11T09:32:18Z
rss-1760193510591-96742-8,<b>Burkina Faso</b> Acquires Additional Chinese Military Equipment - DEFCROS News,RSS,2,12.2383,-1.5616,Burkina Faso,www.google.com,https://www.google.com/alerts/feeds/09678322071861326813/10382831314055122160,2025-10-11T09:02:51Z
rss-1760193510591-35514-9,"[UN: Oct. 10] Surging Aid Into Gaza, Big UN Peacekeeping Cuts &amp; More - PassBlue",Humanitarian,3,12.2383,-1.5616,Burkina Faso,www.google.com,https://www.google.com/alerts/feeds/09678322071861326813/10382831314055122160,2025-10-11T07:21:53Z
rss-1760193510591-38438-10,<b>Burkina Faso</b> receives more Chinese equipment - Janes,RSS,2,12.2383,-1.5616,Burkina Faso,www.google.com,https://www.google.com/alerts/feeds/09678322071861326813/10382831314055122160,2025-10-11T07:19:19Z
rss-1760193510591-21443-11,<b>Burkina Faso</b> refuses to take deportees as US stops issuing visas - BBC,RSS,2,12.2383,-1.5616,Burkina Faso,www.google.com,https://www.google.com/alerts/feeds/09678322071861326813/10382831314055122160,2025-10-11T04:44:48Z
rss-1760193510591-55613-12,<b>Burkina Faso</b> rejects US offer to accept migrants deported from the United States - Entrevue,RSS,2,12.2383,-1.5616,Burkina Faso,www.google.com,https://www.google.com/alerts/feeds/09678322071861326813/10382831314055122160,2025-10-11T04:30:21Z
rss-1760193510591-89612-13,How pinkwashing is used to slander anti-colonial revolutions from Palestine to <b>Burkina Faso</b>,RSS,2,12.2383,-1.5616,Burkina Faso,www.google.com,https://www.google.com/alerts/feeds/09678322071861326813/10382831314055122160,2025-10-11T04:28:11Z
rss-1760193510591-98404-14,<b>Burkina Faso</b> rejects proposal to accept deportees from the US - Mshale,RSS,2,12.2383,-1.5616,Burkina Faso,www.google.com,https://www.google.com/alerts/feeds/09678322071861326813/10382831314055122160,2025-10-11T03:08:00Z
rss-1760193510591-83651-15,<b>Burkina Faso</b> Arrest NGO Workers Over Spying Allegations - Culture Custodian,RSS,2,12.2383,-1.5616,Burkina Faso,www.google.com,https://www.google.com/alerts/feeds/09678322071861326813/10382831314055122160,2025-10-11T01:00:12Z
rss-1760193510591-42432-16,<b>Burkina Faso</b> turns down Trump administration&#39;s deportation deal - Face2Face Africa,RSS,2,12.2383,-1.5616,Burkina Faso,www.google.com,https://www.google.com/alerts/feeds/09678322071861326813/10382831314055122160,2025-10-11T00:51:55Z
rss-1760193510591-98248-17,Influence of the Dry and humid seasons on the Assessment of Human Exposure to Malaria ...,Health,3,12.2383,-1.5616,Burkina Faso,www.google.com,https://www.google.com/alerts/feeds/09678322071861326813/10382831314055122160,2025-10-10T23:16:50Z
rss-1760193510591-58100-18,&#39;Not a Dumping Ground&#39;: <b>Burkina Faso</b> Rejects U.S. Deportation Deal - Medafrica Times,RSS,2,12.2383,-1.5616,Burkina Faso,www.google.com,https://www.google.com/alerts/feeds/09678322071861326813/10382831314055122160,2025-10-10T22:41:51Z
rss-1760193510591-4111-19,"Oct 10: <b>Burkina Faso</b> Blocks US, Nigeria Pardons, FIFA Update - OkayAfrica",RSS,2,12.2383,-1.5616,Burkina Faso,www.google.com,https://www.google.com/alerts/feeds/09678322071861326813/10382831314055122160,2025-10-10T21:24:55Z
rss-1760193510773-42415-11,MOZAMBIQUE – <b>Conflict</b> and violence in Cabo Delgado and Nampula affecting civilians,RSS,2,-18.6657,35.5296,Mozambique,www.google.com,https://www.google.com/alerts/feeds/09678322071861326813/16059299224477972089,2025-10-11T04:19:27Z
rss-1760193510773-99037-14,Armed <b>conflict</b>-driven environmental degradation and uneven socio-ecological resilience in ...,RSS,2,9.145,40.4897,Ethiopia,www.google.com,https://www.google.com/alerts/feeds/09678322071861326813/16059299224477972089,2025-10-11T00:39:59Z
rss-1760193510901-66389-0,Policy Recommendations to Address Conflict Minerals and Supply Chain Challenges in the <b>DRC</b>,RSS,2,-4.0383,21.7587,Democratic Republic of the Congo,www.google.com,https://www.google.com/alerts/feeds/09678322071861326813/1198605801377290022,2025-10-11T12:20:05Z
rss-1760193510901-26488-1,Rwanda and <b>DRC</b>: A Tale of Two Nations and One Question of Discipline - KT PRESS,RSS,2,-3.3731,29.9189,Burundi,www.google.com,https://www.google.com/alerts/feeds/09678322071861326813/1198605801377290022,2025-10-11T12:14:33Z
rss-1760193510901-49536-5,Post-atrocity research balances truth telling with the safety and dignity of those who lived the violence,RSS,2,-1.9403,29.8739,Rwanda,www.google.com,https://www.google.com/alerts/feeds/09678322071861326813/1198605801377290022,2025-10-11T10:05:41Z
rss-1760193510901-5482-6,"Africa World Cup permutations: Nigeria, Benin, South Africa and the Group C conundrum",RSS,2,9.3077,2.3158,Benin,www.google.com,https://www.google.com/alerts/feeds/09678322071861326813/1198605801377290022,2025-10-11T09:35:25Z
rss-1760193510901-37012-8,"<b>DRC</b> – Massad Boulos: “Peace is a process, not a switch you turn on or off”",RSS,2,-1.9403,29.8739,Rwanda,www.google.com,https://www.google.com/alerts/feeds/09678322071861326813/1198605801377290022,2025-10-11T08:12:04Z
rss-1760193510901-42621-16,Great Lakes Region: Briefing and Consultations : What&#39;s In Blue - Security Council Report,RSS,2,-4.0383,21.7587,Democratic Republic of the Congo,www.google.com,https://www.google.com/alerts/feeds/09678322071861326813/1198605801377290022,2025-10-10T21:47:34Z
rss-1760193510901-92165-17,The incubation periods of Monkeypox virus clade Ib | medRxiv,Health,3,-4.0383,21.7587,Democratic Republic of the Congo,www.google.com,https://www.google.com/alerts/feeds/09678322071861326813/1198605801377290022,2025-10-10T21:45:13Z
rss-1760193510901-92825-19,2025 Global Hunger Index by Severity - World - ReliefWeb,RSS,2,-4.0383,21.7587,Democratic Republic of the Congo,www.google.com,https://www.google.com/alerts/feeds/09678322071861326813/1198605801377290022,2025-10-10T20:21:27Z
rss-1760193511002-5487-1,"Who is Kilmar Abrego Garcia, and why has the US failed to deport him to Africa?",RSS,2,7.9465,-1.0232,Ghana,www.google.com,https://www.google.com/alerts/feeds/09678322071861326813/3174126178415816884,2025-10-11T13:05:02Z
rss-1760193511002-30708-2,"Sammy Gyamfi, Kofi Bentil clash over galamsey gold claim",Security,4,7.9465,-1.0232,Ghana,www.google.com,https://www.google.com/alerts/feeds/09678322071861326813/3174126178415816884,2025-10-11T12:50:01Z
rss-1760193511002-87690-4,When Oversight Works: Lessons from the Local Government Committee's Engagement with MCEs/DCEs,RSS,2,7.9465,-1.0232,Ghana,www.google.com,https://www.google.com/alerts/feeds/09678322071861326813/3174126178415816884,2025-10-11T12:00:58Z
rss-1760193511002-41444-5,Ghana Must Not Become America's Dumping Ground,RSS,2,7.9465,-1.0232,Ghana,www.google.com,https://www.google.com/alerts/feeds/09678322071861326813/3174126178415816884,2025-10-11T10:16:12Z
rss-1760193511002-82713-7,British High Commissioner pays courtesy call on Gbese Mantse,RSS,2,7.9465,-1.0232,Ghana,www.google.com,https://www.google.com/alerts/feeds/09678322071861326813/3174126178415816884,2025-10-11T09:59:35Z
rss-1760193511002-19427-8,"Rehabilitating prisons, reforming inmates shared national mission - Minister urges Ghanaians",RSS,2,7.9465,-1.0232,Ghana,www.google.com,https://www.google.com/alerts/feeds/09678322071861326813/3174126178415816884,2025-10-11T09:59:35Z
rss-1760193511002-14944-11,Ghana Unveils its Eight-Year Development Plan to Boost Tourism Growth and New Infrastructure Development,Infrastructure,2,7.9465,-1.0232,Ghana,www.google.com,https://www.google.com/alerts/feeds/09678322071861326813/3174126178415816884,2025-10-11T09:58:08Z
rss-1760193511002-67619-12,MEHSOG urges mental health inclusion in national disaster response systems,RSS,2,7.9465,-1.0232,Ghana,www.google.com,https://www.google.com/alerts/feeds/09678322071861326813/3174126178415816884,2025-10-11T09:21:10Z
rss-1760193511002-79442-13,ghana news Experts sensitise students to energy sector,RSS,2,7.9465,-1.0232,Ghana,www.google.com,https://www.google.com/alerts/feeds/09678322071861326813/3174126178415816884,2025-10-11T09:19:27Z
rss-1760193511002-79592-17,"Pelican Hotel Cantonments, redefines hospitality with grand opening",RSS,2,7.9465,-1.0232,Ghana,www.google.com,https://www.google.com/alerts/feeds/09678322071861326813/3174126178415816884,2025-10-11T08:42:31Z
rss-1760193511109-71405-0,<b>ICRC</b> Evacuates Wounded After Clashes in Amhara - Ethio Negari,RSS,2,9.145,40.4897,Ethiopia,www.google.com,https://www.google.com/alerts/feeds/09678322071861326813/10778257038356429766,2025-10-11T12:19:12Z
rss-1760193511109-64760-1,Inside the Gaza ceasefire: How prisoners will be exchanged and aid delivered,Humanitarian,3,26.8206,30.8025,Egypt,www.google.com,https://www.google.com/alerts/feeds/09678322071861326813/10778257038356429766,2025-10-11T11:29:19Z
rss-1760193511109-21301-2,"Ethiopia&#39;s Amhara: Red Cross evacuates wounded ENDF soldiers, visits detainees",RSS,2,9.145,40.4897,Ethiopia,www.google.com,https://www.google.com/alerts/feeds/09678322071861326813/10778257038356429766,2025-10-11T11:16:04Z
rss-1760193511109-78889-6,Ethiopian Rebels In Amhara Hand Over 16 &quot;Critically Injured&quot; Government Soldiers To <b>ICRC</b>,RSS,2,9.145,40.4897,Ethiopia,www.google.com,https://www.google.com/alerts/feeds/09678322071861326813/10778257038356429766,2025-10-11T08:47:17Z
rss-1760193511229-55489-7,<b>IMF</b> Review: Ghana Reaches Staff-Level Agreement to Unlock $385 Million - YouTube,RSS,2,7.9465,-1.0232,Ghana,www.google.com,https://www.google.com/alerts/feeds/09678322071861326813/13907740799062403631,2025-10-11T02:42:21Z
rss-1760193511229-51203-8,Ghana and <b>IMF</b> reach staff-level review agreement for $385m of credit facility,RSS,2,7.9465,-1.0232,Ghana,www.google.com,https://www.google.com/alerts/feeds/09678322071861326813/13907740799062403631,2025-10-11T01:24:45Z
rss-1760193511229-31684-10,<b>IMF</b> Staff Approve Ghana Review Unlocking US$385 Million,RSS,2,7.9465,-1.0232,Ghana,www.google.com,https://www.google.com/alerts/feeds/09678322071861326813/13907740799062403631,2025-10-10T22:51:51Z
rss-1760193511229-89865-11,S&amp;P lifts Egypt&#39;s credit rating due to <b>IMF</b>-backed reforms | Macau Business,RSS,2,26.8206,30.8025,Egypt,www.google.com,https://www.google.com/alerts/feeds/09678322071861326813/13907740799062403631,2025-10-10T22:51:47Z
rss-1760193511229-51206-14,Rwanda&#39;s economy resilient amid fiscal buffer strain – <b>IMF</b> - The New Times,RSS,2,-1.9403,29.8739,Rwanda,www.google.com,https://www.google.com/alerts/feeds/09678322071861326813/13907740799062403631,2025-10-10T21:45:56Z
rss-1760193511229-91221-15,"Ghana passes <b>IMF&#39;s</b> 5th Review, set to receive $385m boost | Business Live (10-10-25)",RSS,2,7.9465,-1.0232,Ghana,www.google.com,https://www.google.com/alerts/feeds/09678322071861326813/13907740799062403631,2025-10-10T21:10:30Z
rss-1760193511229-63247-16,S&amp;P Lifts Egypt&#39;s Credit Rating Due To <b>IMF</b>-backed Reforms - Barron&#39;s,RSS,2,26.8206,30.8025,Egypt,www.google.com,https://www.google.com/alerts/feeds/09678322071861326813/13907740799062403631,2025-10-10T20:56:42Z
rss-1760193511229-78455-17,"<b>IMF</b> Economic Programme: Ghana passes 5th review, set to receive $385 million boost",RSS,2,7.9465,-1.0232,Ghana,www.google.com,https://www.google.com/alerts/feeds/09678322071861326813/13907740799062403631,2025-10-10T19:54:38Z
rss-1760193511229-65772-18,<b>IMF</b> staff agree Ghana programme review that could unlock $385 million - CNBC Africa,RSS,2,7.9465,-1.0232,Ghana,www.google.com,https://www.google.com/alerts/feeds/09678322071861326813/13907740799062403631,2025-10-10T19:48:45Z
rss-1760193511229-64050-19,What <b>IMF</b> said about Ghana&#39;s economy after fifth review of bailout program,RSS,2,7.9465,-1.0232,Ghana,www.google.com,https://www.google.com/alerts/feeds/09678322071861326813/13907740799062403631,2025-10-10T19:48:35Z
rss-1760193511343-29491-0,"Preview: <b>Mali</b> vs Madagascar - prediction, team news, lineups - Sports Mole",Security,4,-18.7669,46.8691,Madagascar,www.google.com,https://www.google.com/alerts/feeds/09678322071861326813/13583311032613923135,2025-10-11T11:46:33Z
rss-1760193511343-98978-1,<b>Mali</b>: United States to Implement Visa Bond Pilot Program for <b>Malian</b> Travelers,RSS,2,17.5707,-3.9962,Mali,www.google.com,https://www.google.com/alerts/feeds/09678322071861326813/13583311032613923135,2025-10-11T11:08:54Z
rss-1760193511343-51610-2,Tottenham Hotspur on X: &quot;Biss joining up with <b>Mali</b> https://t.co/8uZiUEoezc&quot; / X,RSS,2,17.5707,-3.9962,Mali,www.google.com,https://www.google.com/alerts/feeds/09678322071861326813/13583311032613923135,2025-10-11T10:40:56Z
rss-1760193511343-21490-3,<b>Mali</b> vs Madagascar Preview &amp; Prediction | 2026 FIFA World Cup Qualifying (CAF),RSS,2,-18.7669,46.8691,Madagascar,www.google.com,https://www.google.com/alerts/feeds/09678322071861326813/13583311032613923135,2025-10-11T10:35:00Z
rss-1760193511343-19348-4,"ECOWAS Set To Replace Staff From <b>Mali</b>, Niger, Burkina Faso - Daily Trust",RSS,2,12.2383,-1.5616,Burkina Faso,www.google.com,https://www.google.com/alerts/feeds/09678322071861326813/13583311032613923135,2025-10-11T10:08:11Z
rss-1760193511343-42949-5,<b>Mali</b> in crisis: When the junta has no one left to blame but itself | Responsible Statecraft,RSS,2,17.5707,-3.9962,Mali,www.google.com,https://www.google.com/alerts/feeds/09678322071861326813/13583311032613923135,2025-10-11T10:06:46Z
rss-1760193511343-47566-6,<b>Malian</b> Woman Defied All Odds to Give Birth to Nine Babies - Shine My Crown,RSS,2,17.5707,-3.9962,Mali,www.google.com,https://www.google.com/alerts/feeds/09678322071861326813/13583311032613923135,2025-10-11T08:02:42Z
rss-1760193511343-4097-7,"West African bloc may lift <b>Mali</b> sanctions soon, says envoy | Reuters",RSS,2,17.5707,-3.9962,Mali,www.google.com,https://www.google.com/alerts/feeds/09678322071861326813/13583311032613923135,2025-10-11T07:55:32Z
rss-1760193511343-10715-8,A cultural stroll through Paris with singer Oumou Sangaré and violinist Camille Berthollet,RSS,2,17.5707,-3.9962,Mali,www.google.com,https://www.google.com/alerts/feeds/09678322071861326813/13583311032613923135,2025-10-11T04:07:47Z
rss-1760193511343-28941-9,The Architecture of Washington&#39;s Peace Diplomacy,RSS,2,17.5707,-3.9962,Mali,www.google.com,https://www.google.com/alerts/feeds/09678322071861326813/13583311032613923135,2025-10-11T04:02:51Z
rss-1760193511343-22679-10,"Prof Amuptian: colleagues hail resilience of a man who traced wife&#39;s stolen car to <b>Mali</b>, recovered it",RSS,2,17.5707,-3.9962,Mali,www.google.com,https://www.google.com/alerts/feeds/09678322071861326813/13583311032613923135,2025-10-11T03:06:18Z
rss-1760193511343-50252-11,UNHCR calls for urgent international support to advance solutions for Sahel&#39;s forcibly displaced,RSS,2,12.2383,-1.5616,Burkina Faso,www.google.com,https://www.google.com/alerts/feeds/09678322071861326813/13583311032613923135,2025-10-11T01:26:57Z
rss-1760193511343-23512-12,Behind <b>Mali</b> and Tarzia&#39;s social media battle - The Daily Telegraph,RSS,2,17.5707,-3.9962,Mali,www.google.com,https://www.google.com/alerts/feeds/09678322071861326813/13583311032613923135,2025-10-10T22:10:38Z
rss-1760193511343-21085-13,Market Chatter: Barrick Mine Administrators to Resume Blasting at <b>Mali</b> Underground Mine,RSS,2,17.5707,-3.9962,Mali,www.google.com,https://www.google.com/alerts/feeds/09678322071861326813/13583311032613923135,2025-10-10T22:07:24Z
rss-1760193511343-57175-14,Les États-Unis mettent en œuvre un programme pilote de caution de visa pour les ...,RSS,2,17.5707,-3.9962,Mali,www.google.com,https://www.google.com/alerts/feeds/09678322071861326813/13583311032613923135,2025-10-10T21:35:34Z
rss-1760193511343-29899-15,Farmton Foods inks ₹580 Cr MoU with Govt. of Gujarat for greenfield frozen potato plant,RSS,2,17.5707,-3.9962,Mali,www.google.com,https://www.google.com/alerts/feeds/09678322071861326813/13583311032613923135,2025-10-10T21:17:52Z
rss-1760193511343-27170-16,Emmanuel Mwamba - Emmanuel Mwamba added a new photo.,RSS,2,17.5707,-3.9962,Mali,www.google.com,https://www.google.com/alerts/feeds/09678322071861326813/13583311032613923135,2025-10-10T20:26:41Z
rss-1760193511343-52472-17,"Serbian List: Urgently investigate a serious incident in <b>Mali</b> Zvečan, the international ... - KoSSev",RSS,2,17.5707,-3.9962,Mali,www.google.com,https://www.google.com/alerts/feeds/09678322071861326813/13583311032613923135,2025-10-10T20:14:41Z
rss-1760193511343-23307-18,"KP detained another alleged attacker of a girl from <b>Mali</b> Zvečani, from South Mitrovica",RSS,2,17.5707,-3.9962,Mali,www.google.com,https://www.google.com/alerts/feeds/09678322071861326813/13583311032613923135,2025-10-10T19:37:36Z
rss-1760193511343-29690-19,Country Reform - Health Works - World Bank,RSS,2,17.5707,-3.9962,Mali,www.google.com,https://www.google.com/alerts/feeds/09678322071861326813/13583311032613923135,2025-10-10T19:20:29Z
rss-1760193511474-18046-4,The Nobel Peace Prize Winner the Year You Were Born - Business Insider,RSS,2,15.4542,18.7322,Chad,www.google.com,https://www.google.com/alerts/feeds/09678322071861326813/3377241513725216927,2025-10-10T22:02:54Z
rss-1760193511609-29801-0,Ordem dos Médicos anula exames e lança dúvidas sobre formação em Medicina na UniLúrio,RSS,2,-18.6657,35.5296,Mozambique,www.google.com,https://www.google.com/alerts/feeds/09678322071861326813/15536018237517902097,2025-10-10T14:57:00Z
rss-1760193511609-75699-1,<b>Mozambique</b> loses and their dream of going to the World Cup falls apart - MZNews,RSS,2,9.9456,-9.6966,Guinea,www.google.com,https://www.google.com/alerts/feeds/09678322071861326813/15536018237517902097,2025-10-10T14:24:54Z
rss-1760193511609-16643-2,<b>Mozambique</b>-US Chamber of Commerce proposes tax overhaul to improve business activity,RSS,2,-18.6657,35.5296,Mozambique,www.google.com,https://www.google.com/alerts/feeds/09678322071861326813/15536018237517902097,2025-10-10T13:19:45Z
rss-1760193511609-20906-3,Governo garante prontidão para responder a presente época chuvosa - MZNews,RSS,2,-18.6657,35.5296,Mozambique,www.google.com,https://www.google.com/alerts/feeds/09678322071861326813/15536018237517902097,2025-10-10T08:43:23Z
rss-1760193511609-23881-4,Empresariado moçambicano apela à maior coordenação e inovação no sector agrário - MZNews,RSS,2,-18.6657,35.5296,Mozambique,www.google.com,https://www.google.com/alerts/feeds/09678322071861326813/15536018237517902097,2025-10-10T08:35:10Z
rss-1760193511609-98585-5,Governo aposta na modernização das fronteiras de Machipanda e Cassacatiza - MZNews,RSS,2,-18.6657,35.5296,Mozambique,www.google.com,https://www.google.com/alerts/feeds/09678322071861326813/15536018237517902097,2025-10-10T07:44:54Z
rss-1760193511609-61883-6,Niassa: Government demands review of cement prices and says they are out of step with the ...,RSS,2,-18.6657,35.5296,Mozambique,www.google.com,https://www.google.com/alerts/feeds/09678322071861326813/15536018237517902097,2025-10-10T05:48:18Z
rss-1760193511609-43427-7,"Galp reforça rede em Moçambique e inaugura 82º posto de abastecimento, na Machava",RSS,2,-18.6657,35.5296,Mozambique,www.google.com,https://www.google.com/alerts/feeds/09678322071861326813/15536018237517902097,2025-10-09T19:58:34Z
rss-1760193511747-39907-8,"EU, AU Raise Alarm Over Growing Resource Exploitation, Arms Trade In Africa",RSS,2,17.5707,-3.9962,Mali,www.google.com,https://www.google.com/alerts/feeds/09678322071861326813/6761969864493492596,2025-10-11T07:24:04Z
rss-1760193511864-8813-0,"China sends new navy fleet on escort mission in Gulf of Aden, waters near <b>Somalia</b>",RSS,2,17.5707,-3.9962,Mali,www.google.com,https://www.google.com/alerts/feeds/09678322071861326813/8525308065649173498,2025-10-11T12:04:36Z
rss-1760193511864-94538-1,&#39;Grave Mistake&#39;: U.S. Strike Kills Esteemed Elder in <b>Somalia</b> - Garowe Online,Security,4,17.5707,-3.9962,Mali,www.google.com,https://www.google.com/alerts/feeds/09678322071861326813/8525308065649173498,2025-10-11T11:57:13Z
rss-1760193511864-92787-2,From spy theories to ammunition rumours: Upington abuzz over blacklisted Russian aircraft,Humanitarian,3,17.5707,-3.9962,Mali,www.google.com,https://www.google.com/alerts/feeds/09678322071861326813/8525308065649173498,2025-10-11T11:46:14Z
rss-1760193511864-22940-3,<b>Somalia&#39;s</b> opposition in crosshairs as army moves to strip unauthorized security,RSS,2,17.5707,-3.9962,Mali,www.google.com,https://www.google.com/alerts/feeds/09678322071861326813/8525308065649173498,2025-10-11T11:11:48Z
rss-1760193511864-75265-4,<b>Somalia</b> to integrate Swahili in bid to boost EAC ties - MSN,RSS,2,17.5707,-3.9962,Mali,www.google.com,https://www.google.com/alerts/feeds/09678322071861326813/8525308065649173498,2025-10-11T10:18:13Z
rss-1760193511864-50574-5,Exclusive: Ethiopia says disarms Tigrayan peacekeepers in <b>Somalia</b> over security | Reuters,RSS,2,9.145,40.4897,Ethiopia,www.google.com,https://www.google.com/alerts/feeds/09678322071861326813/8525308065649173498,2025-10-11T09:34:55Z
rss-1760193511864-482-6,"<b>Somalia</b>, Djibouti welcome Gaza ceasefire, call for Palestinian independent state",RSS,2,11.8251,42.5903,Djibouti,www.google.com,https://www.google.com/alerts/feeds/09678322071861326813/8525308065649173498,2025-10-11T09:26:52Z
rss-1760193511864-76931-7,Puntland Forces Seize Foreign Vessels Accused of Illegal Fishing - Garowe Online,RSS,2,17.5707,-3.9962,Mali,www.google.com,https://www.google.com/alerts/feeds/09678322071861326813/8525308065649173498,2025-10-11T09:22:09Z
rss-1760193511865-71682-8,From Survival to Connectivity: Ethiopia&#39;s Foreign Policy in Transition – HORN REVIEW,Security,4,9.145,40.4897,Ethiopia,www.google.com,https://www.google.com/alerts/feeds/09678322071861326813/8525308065649173498,2025-10-11T09:22:01Z
rss-1760193511865-28539-9,After the Guns: Could Syria&#39;s Electoral Leap be a Model for the Horn of Africa&#39;s Ballots?,RSS,2,17.5707,-3.9962,Mali,www.google.com,https://www.google.com/alerts/feeds/09678322071861326813/8525308065649173498,2025-10-11T09:09:24Z
rss-1760193511865-72979-10,Caf Clarifies How Best Runners-Up Will Be Decided in 2026 WC Qualifiers - Nile Post,RSS,2,17.5707,-3.9962,Mali,www.google.com,https://www.google.com/alerts/feeds/09678322071861326813/8525308065649173498,2025-10-11T07:08:40Z
rss-1760193511865-14490-11,Erdoğan&#39;s Geopolitical Chess in the Horn: Quest for Influence in Puntland and Beyond,RSS,2,17.5707,-3.9962,Mali,www.google.com,https://www.google.com/alerts/feeds/09678322071861326813/8525308065649173498,2025-10-11T06:36:10Z
rss-1760193511865-5234-12,"<b>Somalia</b> Says Army Making Gains Against Al-Shabaab Amid Security, Political Turmoil",RSS,2,17.5707,-3.9962,Mali,www.google.com,https://www.google.com/alerts/feeds/09678322071861326813/8525308065649173498,2025-10-11T06:07:09Z
rss-1760193511865-62543-13,CORRECTED-EXCLUSIVE-Suspected arms dealers moved millions in Somali money ... - Reuters,RSS,2,17.5707,-3.9962,Mali,www.google.com,https://www.google.com/alerts/feeds/09678322071861326813/8525308065649173498,2025-10-11T04:46:20Z
rss-1760193511865-31815-14,"Sudan pick point, Rwanda, South Sudan fall at home - CECAFA FOOTBALL",RSS,2,17.5707,-3.9962,Mali,www.google.com,https://www.google.com/alerts/feeds/09678322071861326813/8525308065649173498,2025-10-11T04:39:50Z
rss-1760193511865-51174-15,The danger of questioning citizenship of Kenyan Somalis - Nation Africa,RSS,2,-0.0236,37.9062,Kenya,www.google.com,https://www.google.com/alerts/feeds/09678322071861326813/8525308065649173498,2025-10-11T04:33:01Z
rss-1760193511865-98974-16,Two arrested over killing of woman and children in central <b>Somalia</b> - Hiiraan Online,RSS,2,17.5707,-3.9962,Mali,www.google.com,https://www.google.com/alerts/feeds/09678322071861326813/8525308065649173498,2025-10-11T04:26:55Z
rss-1760193511865-48425-17,Ongoing Houthi Support Of Somali Terror Groups Threatens Regional Stability,RSS,2,17.5707,-3.9962,Mali,www.google.com,https://www.google.com/alerts/feeds/09678322071861326813/8525308065649173498,2025-10-11T00:02:10Z
rss-1760193511865-92386-18,<b>Somalia</b> Opts for Digitalization of Judicial Services to Improve Access to Justice,RSS,2,17.5707,-3.9962,Mali,www.google.com,https://www.google.com/alerts/feeds/09678322071861326813/8525308065649173498,2025-10-10T23:31:18Z
rss-1760193511865-29198-19,<b>Somalia</b>: Somali Businessman Gunned Down in South Africa&#39;s Cape Town - allAfrica.com,Security,4,17.5707,-3.9962,Mali,www.google.com,https://www.google.com/alerts/feeds/09678322071861326813/8525308065649173498,2025-10-10T23:28:23Z
rss-1760193511988-79781-0,Drone strike by <b>Sudan&#39;s</b> RSF kills at least 30 in El-Fasher: activists | Daily Sabah,Security,4,12.8628,30.2176,Sudan,www.google.com,https://www.google.com/alerts/feeds/09678322071861326813/9404830783107472102,2025-10-11T09:53:30Z
rss-1760193511988-60603-1,"Militia drone strike kills at least 30 people at displacement shelter in <b>Sudan</b>, says local group",Security,4,12.8628,30.2176,Sudan,www.google.com,https://www.google.com/alerts/feeds/09678322071861326813/9404830783107472102,2025-10-11T09:38:16Z
rss-1760193511988-32949-2,RSF drone strike kills 30 in <b>Sudan&#39;s</b> El-Fasher: activists | International - BSS,Security,4,12.8628,30.2176,Sudan,www.google.com,https://www.google.com/alerts/feeds/09678322071861326813/9404830783107472102,2025-10-11T09:15:23Z
rss-1760193511988-77120-3,South <b>Sudan</b> reaffirms commitment to credible 2026 poll | APAnews - African Press Agency,RSS,2,12.8628,30.2176,Sudan,www.google.com,https://www.google.com/alerts/feeds/09678322071861326813/9404830783107472102,2025-10-11T07:25:14Z
rss-1760193511988-87998-4,&#39;France 24 corroborates US claims of <b>Sudan</b> chemical weapons use&#39; - Dabanga Radio TV Online,RSS,2,12.8628,30.2176,Sudan,www.google.com,https://www.google.com/alerts/feeds/09678322071861326813/9404830783107472102,2025-10-11T06:33:05Z
rss-1760193511988-87745-5,South African DP Mashatile concludes talks in South <b>Sudan</b> on peace process,RSS,2,-30.5595,22.9375,South Africa,www.google.com,https://www.google.com/alerts/feeds/09678322071861326813/9404830783107472102,2025-10-11T05:32:43Z
rss-1760193511988-45618-6,Prices of coarse grains remain at significantly elevated year-on-year levels in the <b>Sudan</b> and ...,RSS,2,12.8628,30.2176,Sudan,www.google.com,https://www.google.com/alerts/feeds/09678322071861326813/9404830783107472102,2025-10-11T03:59:13Z
rss-1760193511988-9791-7,"<b>Sudan</b>, Eritrea agree on security cooperation, new economic projects",RSS,2,15.1794,39.7823,Eritrea,www.google.com,https://www.google.com/alerts/feeds/09678322071861326813/9404830783107472102,2025-10-11T02:29:24Z
rss-1760193511988-12933-8,UN says 53 civilians killed during 3 days of attacks in and near el-Fasher camp in western <b>Sudan</b>,Security,4,12.8628,30.2176,Sudan,www.google.com,https://www.google.com/alerts/feeds/09678322071861326813/9404830783107472102,2025-10-11T02:05:21Z
rss-1760193511988-83839-9,"RSF shelling, drone strikes kill at least 10 in <b>Sudan&#39;s</b> El Fasher - Sudan Tribune",Security,4,12.8628,30.2176,Sudan,www.google.com,https://www.google.com/alerts/feeds/09678322071861326813/9404830783107472102,2025-10-11T02:01:40Z
rss-1760193511988-95223-10,Can a U.S.-Arab roadmap Stop <b>Sudan&#39;s</b> War? | International Crisis Group,RSS,2,12.8628,30.2176,Sudan,www.google.com,https://www.google.com/alerts/feeds/09678322071861326813/9404830783107472102,2025-10-11T01:28:25Z
rss-1760193511988-78392-11,How Communities Safeguard Mental Health in South <b>Sudan</b> - JRS USA,Humanitarian,3,12.8628,30.2176,Sudan,www.google.com,https://www.google.com/alerts/feeds/09678322071861326813/9404830783107472102,2025-10-11T01:03:46Z
rss-1760193511989-19350-12,"BLACKNESS: Michael Kiwanuka, Ibeyi + <b>Sudan</b> Archives - KALW",RSS,2,12.8628,30.2176,Sudan,www.google.com,https://www.google.com/alerts/feeds/09678322071861326813/9404830783107472102,2025-10-11T00:57:20Z
rss-1760193511989-24319-13,South <b>Sudan</b>: Floods Snapshot (As of 10 October 2025) - ReliefWeb,Natural Hazard,3,12.8628,30.2176,Sudan,www.google.com,https://www.google.com/alerts/feeds/09678322071861326813/9404830783107472102,2025-10-10T19:59:59Z
rss-1760193511989-12295-14,UN says 53 civilians killed during 3 days of attacks in and near el-Fasher camp in western <b>Sudan</b>,RSS,2,12.8628,30.2176,Sudan,www.google.com,https://www.google.com/alerts/feeds/09678322071861326813/9404830783107472102,2025-10-10T19:51:21Z
rss-1760193511989-84198-15,ICC convicts <b>Sudanese</b> militia leader of war crimes in Darfur genocide - The World from PRX,RSS,2,12.8628,30.2176,Sudan,www.google.com,https://www.google.com/alerts/feeds/09678322071861326813/9404830783107472102,2025-10-10T19:23:09Z
rss-1760193511989-19979-16,<b>Sudan</b>: Türk &#39;appalled&#39; by continued killing of civilians in El Fasher - UN News,RSS,2,12.8628,30.2176,Sudan,www.google.com,https://www.google.com/alerts/feeds/09678322071861326813/9404830783107472102,2025-10-10T18:57:20Z
rss-1760193511989-69552-17,The Dream is Over: <b>Sudan&#39;s</b> 2026 World Cup Hopes Come to End After Draw With Mauritania,RSS,2,21.0079,-10.9408,Mauritania,www.google.com,https://www.google.com/alerts/feeds/09678322071861326813/9404830783107472102,2025-10-10T18:38:48Z
rss-1760193511989-61976-18,<b>Sudanese</b> lawyers demand new probe into detainee&#39;s death in police custody,RSS,2,12.8628,30.2176,Sudan,www.google.com,https://www.google.com/alerts/feeds/09678322071861326813/9404830783107472102,2025-10-10T18:29:21Z
rss-1760193511989-92473-19,<b>Sudan</b> Nashra: ICC convicts 2003 Darfur war criminal | PM on trip to Eritrea shows &#39;goodwill&#39;,RSS,2,15.1794,39.7823,Eritrea,www.google.com,https://www.google.com/alerts/feeds/09678322071861326813/9404830783107472102,2025-10-10T18:24:33Z
rss-1760193512113-55711-0,Burkina Faso refuses to receive foreigners deported from US — TradingView News,RSS,2,12.2383,-1.5616,Burkina Faso,www.google.com,https://www.google.com/alerts/feeds/09678322071861326813/15223369397218074172,2025-10-11T01:37:48Z
rss-1760193512113-1952-1,UNIDO to Support <b>Togo</b> in Implementing National Industrial Strategy,RSS,2,8.6195,0.8248,Togo,www.google.com,https://www.google.com/alerts/feeds/09678322071861326813/15223369397218074172,2025-10-10T20:50:06Z
rss-1760193512113-39116-2,Burkina Faso rejects &quot;indecent&quot; US proposal to accept deportees - YouTube,RSS,2,12.2383,-1.5616,Burkina Faso,www.google.com,https://www.google.com/alerts/feeds/09678322071861326813/15223369397218074172,2025-10-10T20:27:12Z
rss-1760193512113-38474-3,Ivory Coast and Senegal edge closer to 2026 World Cup after resounding qualifying victories,RSS,2,14.4974,-14.4524,Senegal,www.google.com,https://www.google.com/alerts/feeds/09678322071861326813/15223369397218074172,2025-10-10T19:27:07Z
rss-1760193512113-21449-4,The Volta Region you didn&#39;t know - MyJoyOnline,RSS,2,8.6195,0.8248,Togo,www.google.com,https://www.google.com/alerts/feeds/09678322071861326813/15223369397218074172,2025-10-10T18:52:03Z
rss-1760193512113-87424-5,Lesotho vs Nigeria: CAF World Cup Qualifiers stats &amp; head-to-head - BBC Sport,RSS,2,-29.6099,28.2336,Lesotho,www.google.com,https://www.google.com/alerts/feeds/09678322071861326813/15223369397218074172,2025-10-10T18:43:43Z
rss-1760193512113-32481-6,"Teranga Lions, Elephants close in; Benin with clutch win - SuperSport",Civil Unrest,3,9.3077,2.3158,Benin,www.google.com,https://www.google.com/alerts/feeds/09678322071861326813/15223369397218074172,2025-10-10T18:31:43Z
rss-1760193512113-47199-7,Countdown Among Two Shows Cancelled at Prime Video - TVLine,RSS,2,8.6195,0.8248,Togo,www.google.com,https://www.google.com/alerts/feeds/09678322071861326813/15223369397218074172,2025-10-10T18:01:17Z
rss-1760193512113-30405-8,&#39;Not a Dumping Ground&#39;: Burkina Faso Rejects U.S. Deportation Deal - Medafrica Times,RSS,2,12.2383,-1.5616,Burkina Faso,www.google.com,https://www.google.com/alerts/feeds/09678322071861326813/15223369397218074172,2025-10-10T17:56:49Z
rss-1760193512113-15746-9,FIFAWCQ:Bakambu Strike Keeps DR Congo&#39;s World Cup Dream Alive - Africa Top Sports,Security,4,8.6195,0.8248,Togo,www.google.com,https://www.google.com/alerts/feeds/09678322071861326813/15223369397218074172,2025-10-10T17:46:53Z
rss-1760193512113-52407-10,South Sudan - <b>Togo</b> prediction &amp; tips 13.10.2025 - Transfermarkt,RSS,2,13.1,0.2025,South Sudan,www.google.com,https://www.google.com/alerts/feeds/09678322071861326813/15223369397218074172,2025-10-10T17:33:33Z
rss-1760193512113-81260-11,Algerian football star Mahrez says 2026 World Cup will be his last - TRT Afrika,RSS,2,28.0339,1.6596,Algeria,www.google.com,https://www.google.com/alerts/feeds/09678322071861326813/15223369397218074172,2025-10-10T17:15:28Z
rss-1760193512113-58691-12,Ecobank Names Emmanuel Wakili as Regional Head of Operations and CFO,RSS,2,8.6195,0.8248,Togo,www.google.com,https://www.google.com/alerts/feeds/09678322071861326813/15223369397218074172,2025-10-10T17:13:02Z
rss-1760193512113-58458-13,"<b>Togo</b> midfielder Asamoah breaks neck after hitting advertising board, faces lower-body paralysis risk",RSS,2,8.6195,0.8248,Togo,www.google.com,https://www.google.com/alerts/feeds/09678322071861326813/15223369397218074172,2025-10-10T16:33:07Z
rss-1760193512113-42702-14,"<b>Togo</b> Midfielder Samuel Asamoah Suffers Broken Neck, Paralysis Risk",RSS,2,8.6195,0.8248,Togo,www.google.com,https://www.google.com/alerts/feeds/09678322071861326813/15223369397218074172,2025-10-10T16:07:03Z
rss-1760193512113-28109-15,<b>Togo</b> Formalizes Military Cooperation Agreement with Russia,RSS,2,17.5707,-3.9962,Mali,www.google.com,https://www.google.com/alerts/feeds/09678322071861326813/15223369397218074172,2025-10-10T15:59:22Z
rss-1760193512113-45756-16,<b>Togo</b> Launches Sixth Edition of “Consume Local” Month,RSS,2,8.6195,0.8248,Togo,www.google.com,https://www.google.com/alerts/feeds/09678322071861326813/15223369397218074172,2025-10-10T15:51:17Z
rss-1760193512113-73063-17,"Benin, <b>Togo</b> Default On $8.5m Electricity Debt To Nigeria — NERC Report",RSS,2,9.3077,2.3158,Benin,www.google.com,https://www.google.com/alerts/feeds/09678322071861326813/15223369397218074172,2025-10-10T15:43:26Z
rss-1760193512113-14600-18,Gambia vs Gabon: CAF World Cup Qualifiers stats &amp; head-to-head - BBC Sport,RSS,2,-0.8037,11.6094,Gabon,www.google.com,https://www.google.com/alerts/feeds/09678322071861326813/15223369397218074172,2025-10-10T15:34:37Z
rss-1760193512113-1168-19,Ex-Martial Akakpo partner launches new law firm in <b>Togo</b>,RSS,2,8.6195,0.8248,Togo,www.google.com,https://www.google.com/alerts/feeds/09678322071861326813/15223369397218074172,2025-10-10T15:31:10Z
rss-1760193512229-84445-0,<b>Rwanda</b> and DRC: A Tale of Two Nations and One Question of Discipline - KT PRESS,RSS,2,-1.9403,29.8739,Rwanda,www.google.com,https://www.google.com/alerts/feeds/09678322071861326813/13089685840883809940,2025-10-11T12:14:33Z
rss-1760193512229-48402-1,"UAP Old Mutual Rebrands to Old Mutual, Marking a New Era of Financial Wellness in <b>Uganda</b>",RSS,2,-0.0236,37.9062,Kenya,www.google.com,https://www.google.com/alerts/feeds/09678322071861326813/13089685840883809940,2025-10-11T12:12:33Z
rss-1760193512229-98765-2,"Kenya, <b>Uganda</b> Officials Begin Talks for 193KM Kisumu-Busia-Kakira Multinational Expressway",RSS,2,-0.0236,37.9062,Kenya,www.google.com,https://www.google.com/alerts/feeds/09678322071861326813/13089685840883809940,2025-10-11T10:48:17Z
rss-1760193512229-51098-3,Fact-Check: President Tshisekedi&#39;s Claims at the Global Gateway Forum 2025,RSS,2,-1.9403,29.8739,Rwanda,www.google.com,https://www.google.com/alerts/feeds/09678322071861326813/13089685840883809940,2025-10-11T10:46:23Z
rss-1760193512229-64823-4,Renewed call for African militaries to protect children from armed violence - The New Times,RSS,2,-18.6657,35.5296,Mozambique,www.google.com,https://www.google.com/alerts/feeds/09678322071861326813/13089685840883809940,2025-10-11T09:04:54Z
rss-1760193512229-26374-5,BIG STORY: Congo Army Orders FDLR Rebels to Lay Down Arms | ChimpReports,RSS,2,-1.9403,29.8739,Rwanda,www.google.com,https://www.google.com/alerts/feeds/09678322071861326813/13089685840883809940,2025-10-11T08:44:55Z
rss-1760193512229-94398-6,"Sudan pick point, <b>Rwanda</b>, South Sudan fall at home - CECAFA FOOTBALL",RSS,2,-0.0236,37.9062,Kenya,www.google.com,https://www.google.com/alerts/feeds/09678322071861326813/13089685840883809940,2025-10-11T04:39:50Z
rss-1760193512229-17539-7,"NDMA sounds alarm over looming drought, calls for stronger disaster preparedness",Natural Hazard,3,-3.3731,29.9189,Burundi,www.google.com,https://www.google.com/alerts/feeds/09678322071861326813/13089685840883809940,2025-10-10T19:50:53Z
rss-1760193512229-78247-8,"Regional Program Development Manager East Africa, Madagascar and Western Indian Ocean",RSS,2,-18.7669,46.8691,Madagascar,www.google.com,https://www.google.com/alerts/feeds/09678322071861326813/13089685840883809940,2025-10-10T19:49:09Z
rss-1760193512229-96854-9,"<b>Uganda</b> at 63: Independence, integration, and the road ahead",RSS,2,-0.0236,37.9062,Kenya,www.google.com,https://www.google.com/alerts/feeds/09678322071861326813/13089685840883809940,2025-10-10T18:36:41Z
rss-1760193512229-17697-10,Sub-Saharan Africa&#39;s economy to expand despite global uncertainty - World Bank | Monitor,RSS,2,-1.9403,29.8739,Rwanda,www.google.com,https://www.google.com/alerts/feeds/09678322071861326813/13089685840883809940,2025-10-10T17:48:38Z
rss-1760193512229-45135-11,"Tshisekedi Softens Tone Toward Kagame, Calls for “Peace of the Brave” | ChimpReports",RSS,2,-1.9403,29.8739,Rwanda,www.google.com,https://www.google.com/alerts/feeds/09678322071861326813/13089685840883809940,2025-10-10T17:05:03Z
rss-1760193512229-15228-12,East Africa: <b>Uganda</b> to Host 15th EAC Parliament Games - allAfrica.com,RSS,2,-3.3731,29.9189,Burundi,www.google.com,https://www.google.com/alerts/feeds/09678322071861326813/13089685840883809940,2025-10-10T16:38:12Z
rss-1760193512229-40001-13,"Tanzania, Kenya, <b>Rwanda</b> lead EAC in health insurance expansion - Daily News",RSS,2,-0.0236,37.9062,Kenya,www.google.com,https://www.google.com/alerts/feeds/09678322071861326813/13089685840883809940,2025-10-10T14:38:42Z
rss-1760193512229-69079-14,The West Has Helped Paul Kagame to Pillage the Congo - Jacobin,RSS,2,-1.9403,29.8739,Rwanda,www.google.com,https://www.google.com/alerts/feeds/09678322071861326813/13089685840883809940,2025-10-10T14:04:07Z
rss-1760193512229-25964-15,<b>Uganda</b> to host 15th EAC Parliament Games,RSS,2,-3.3731,29.9189,Burundi,www.google.com,https://www.google.com/alerts/feeds/09678322071861326813/13089685840883809940,2025-10-10T13:52:25Z
rss-1760193512229-69228-16,<b>Uganda</b> Elected Onto International Organization for Standardization Council - allAfrica.com,RSS,2,-1.9403,29.8739,Rwanda,www.google.com,https://www.google.com/alerts/feeds/09678322071861326813/13089685840883809940,2025-10-10T09:18:12Z
rss-1760193512229-16819-17,"I&#39;m Back to My NRM Home Until I Die, Says Museveni Critic Col. Samson Mande",RSS,2,-1.9403,29.8739,Rwanda,www.google.com,https://www.google.com/alerts/feeds/09678322071861326813/13089685840883809940,2025-10-09T23:54:50Z
rss-1760193512370-93850-18,Permanent Mission of Rwanda to The <b>United Nations</b> on X: &quot;Ambassador @martin_ngoga ...,RSS,2,-1.9403,29.8739,Rwanda,www.google.com,https://www.google.com/alerts/feeds/09678322071861326813/6461275839714976954,2025-10-10T23:13:06Z
rss-1760193512494-76146-7,"Birr, South Sudanese Pound Weakest Currencies In 2025: <b>World Bank</b> Analysis",RSS,2,9.145,40.4897,Ethiopia,www.google.com,https://www.google.com/alerts/feeds/09678322071861326813/1777354198294681489,2025-10-11T09:01:20Z
rss-1760193512495-48063-13,PCNS President Karim El Aynaoui Joins <b>World Bank</b> Institute for Economic Development Committee,RSS,2,31.7917,-7.0926,Morocco,www.google.com,https://www.google.com/alerts/feeds/09678322071861326813/1777354198294681489,2025-10-11T07:21:15Z
rss-1760194028479-34594-0,Mobilisation de recettes vs inclusion financière : le dilemme de la taxation du mobile money au Sénégal,RSS,2,7.3697,12.3547,Cameroon,theconversation.com,https://theconversation.com/africa/articles.atom,2025-10-10T10:46:54Z
rss-1760194028481-7428-1,Gauteng’s ‘Coloured’ community feels unsafe: who they are and why they’re discouraged,Civil Unrest,3,7.028,20.03,South Africa,theconversation.com,https://theconversation.com/africa/articles.atom,2025-10-09T14:12:20Z
rss-1760194028482-82786-2,What do Nigerian children think about computers? Our study found out,Infrastructure,2,8.202,4.231439,Ghana,theconversation.com,https://theconversation.com/africa/articles.atom,2025-10-09T14:12:16Z
rss-1760194028484-34077-3,Southern right whales are having fewer calves: what this says about ocean health,RSS,2,-30.5595,22.9375,South Africa,theconversation.com,https://theconversation.com/africa/articles.atom,2025-10-09T14:12:13Z
rss-1760194028484-60617-4,Un félin au bord l'extinction : comment sauver les derniers guépards du Nord-Ouest africain,Civil Unrest,3,28.0339,1.6596,Algeria,theconversation.com,https://theconversation.com/africa/articles.atom,2025-10-09T08:58:42Z
rss-1760194030069-10497-1,Sudan: El Fasher mosque and hospital attacks leave at least 20 dead,RSS,2,12.8628,30.2176,Sudan,news.un.org,https://news.un.org/feed/view/en/story/2025/10/1166068,"Thu, 09 Oct 2025 12:00:00 +0000"
rss-1760194030715-97300-2,Ethiopia: Mental health care cannot wait in Tigray,RSS,2,9.145,40.4897,Ethiopia,www.msf.org,https://www.msf.org/ethiopia-mental-health-care-cannot-wait-tigray,"Fri, 10 Oct 2025 11:44:44 +0000"
rss-1760194032959-33649-0,Morocco's king addresses parliament amid mounting tensions,RSS,2,31.7917,-7.0926,Morocco,www.africanews.com,http://www.africanews.com/2025/10/11/king-mohammed-vi-addresses-parliament-amid-mounting-tensions/,"Sat, 11 Oct 2025 13:15:04 +0000"
rss-1760194032959-43234-3,Trump supporters disappointed after Nobel Peace Prize goes to Venezuela’s Machado,RSS,2,15.4542,18.7322,Chad,www.africanews.com,http://www.africanews.com/2025/10/11/trump-supporters-disappointed-after-nobel-peace-prize-goes-to-venezuelas-machado/,"Sat, 11 Oct 2025 07:37:13 +0000"
rss-1760194032959-23744-7,Ethiopian coffee exports earn more than $500 million in just two months,RSS,2,9.145,40.4897,Ethiopia,www.africanews.com,http://www.africanews.com/2025/10/10/ethiopian-coffee-exports-earn-more-than-500-million-in-just-two-months/,"Fri, 10 Oct 2025 15:14:34 +0000"
rss-1760194032959-96511-8,"President Tinubu grants clemency to 175 Nigerians, pardons national heroes",RSS,2,17.6078,8.0817,Niger,www.africanews.com,http://www.africanews.com/2025/10/10/president-tinubu-grants-clemency-to-175-nigerians-pardons-national-heroes/,"Fri, 10 Oct 2025 14:57:26 +0000"
rss-1760194032959-81238-9,Burkina Faso rejects "indecent" US proposal to accept deportees,RSS,2,12.2383,-1.5616,Burkina Faso,www.africanews.com,http://www.africanews.com/2025/10/10/burkina-faso-rejects-indecent-us-proposal-to-accept-deportees/,"Fri, 10 Oct 2025 14:23:23 +0000"
rss-1760194032959-20911-12,Kenya project looks at impact of climate change on women's mental health,RSS,2,-0.0236,37.9062,Kenya,www.africanews.com,http://www.africanews.com/2025/10/10/kenya-project-looks-at-impact-of-climate-change-on-womens-mental-health/,"Fri, 10 Oct 2025 11:30:40 +0000"
rss-1760194032960-12396-13,Senegal reports 17 deaths in rare rift valley fever outbreak,Health,3,14.4974,-14.4524,Senegal,www.africanews.com,http://www.africanews.com/2025/10/10/senegal-reports-17-deaths-in-rare-rift-valley-fever-outbreak/,"Fri, 10 Oct 2025 11:05:54 +0000"
rss-1760194032960-35027-15,Venezuela opposition leader Maria Corina Machado wins Nobel Peace Prize,RSS,2,15.4542,18.7322,Chad,www.africanews.com,http://www.africanews.com/2025/10/10/venezuela-opposition-leader-maria-corina-machado-wins-nobel-peace-prize/,"Fri, 10 Oct 2025 12:15:55 +0000"
rss-1760194032960-21800-16,UN sounds alarm over escalating violence and civilian deaths in Sudan’s El Fasher,Security,4,12.8628,30.2176,Sudan,www.africanews.com,http://www.africanews.com/2025/10/10/un-sounds-alarm-over-escalating-violence-and-civilian-deaths-in-sudans-el-fasher/,"Fri, 10 Oct 2025 11:53:45 +0000"
rss-1760194032960-12235-18,Cameroon’s youth lose faith ahead of Presidential election,RSS,2,7.3697,12.3547,Cameroon,www.africanews.com,http://www.africanews.com/2025/10/10/cameroons-youth-lose-faith-ahead-of-presidential-election/,"Fri, 10 Oct 2025 09:58:48 +0000"
rss-1760194032960-75385-20,"Escalating violence in northern Mozambique leading to new wave of displacements, UNHCR warns",Humanitarian,3,-18.6657,35.5296,Mozambique,www.africanews.com,http://www.africanews.com/2025/10/10/escalating-violence-in-northern-mozambique-leading-to-new-wave-of-displacements-unhcr-warn/,"Fri, 10 Oct 2025 09:47:09 +0000"
rss-1760194032960-72202-22,Salah leads Egypt to World Cup qualification,RSS,2,11.8251,42.5903,Djibouti,www.africanews.com,http://www.africanews.com/2025/10/10/salah-leads-egypt-to-world-cup-qualification/,"Fri, 10 Oct 2025 08:42:14 +0000"
rss-1760194032960-80563-24,Thousands rally for change ahead of Cameroon’s Presidential Election,Civil Unrest,3,7.3697,12.3547,Cameroon,www.africanews.com,http://www.africanews.com/2025/10/10/thousands-rally-for-change-ahead-of-cameroons-presidential-election/,"Fri, 10 Oct 2025 08:07:44 +0000"
rss-1760194032960-79216-25,Morocco protests enter 13th day as youth movement gains momentum,RSS,2,31.7917,-7.0926,Morocco,www.africanews.com,http://www.africanews.com/2025/10/10/morocco-protests-enter-13th-day-as-youth-movement-gains-momentum/,"Fri, 10 Oct 2025 07:15:31 +0000"
rss-1760194032960-52927-26,"Ceasefire progress in Gaza as Egypt praises Trump’s role, urges Israeli restraint",RSS,2,26.8206,30.8025,Egypt,www.africanews.com,http://www.africanews.com/2025/10/10/ceasefire-progress-in-gaza-as-egypt-praises-trumps-role-urges-israeli-restraint/,"Fri, 10 Oct 2025 07:13:47 +0000"
rss-1760194032960-74558-27,"Madagascar’s youth protests escalate, demanding president’s resignation",RSS,2,-18.7669,46.8691,Madagascar,www.africanews.com,http://www.africanews.com/2025/10/09/madagascars-youth-protests-escalate-demanding-presidents-resignation/,"Thu, 09 Oct 2025 19:57:33 +0000"
rss-1760194032960-7299-29,Mali's transitional government dismisses officers over foiled coup attempt,RSS,2,17.5707,-3.9962,Mali,www.africanews.com,http://www.africanews.com/2025/10/09/malis-transitional-government-dismisses-officers-over-foiled-coup-attempt/,"Thu, 09 Oct 2025 16:05:44 +0000"
rss-1760194032960-15447-30,"South Sudan president ousts military chief, reinstates predecessor",RSS,2,7.309,30.655,South Sudan,www.africanews.com,http://www.africanews.com/2025/10/09/south-sudan-president-ousts-military-chief-reinstates-predecessor/,"Thu, 09 Oct 2025 17:33:24 +0000"
rss-1760194032960-6207-33,DRC President Tshisekedi appeals to Kagame to halt M23 violence,RSS,2,-1.9403,29.8739,Rwanda,www.africanews.com,http://www.africanews.com/2025/10/09/drc-president-tshisekedi-appeals-to-kagame-to-halt-m23-violence/,"Thu, 09 Oct 2025 15:32:14 +0000"
rss-1760194032960-14391-40,Exhibition charting development of Nigerian Modernism opens at London's Tate Modern,RSS,2,17.6078,8.0817,Niger,www.africanews.com,http://www.africanews.com/2025/10/09/exhibition-charting-development-of-nigerian-modernism-opens-at-londons-tate-modern/,"Thu, 09 Oct 2025 10:57:52 +0000"
rss-1760194032960-22257-44,Dologuelé enters presidential race despite opposition calls for a boycott,RSS,2,6.6111,20.9394,Central African Republic,www.africanews.com,http://www.africanews.com/2025/10/09/dologuele-enters-presidential-race-despite-opposition-calls-for-a-boycott/,"Thu, 09 Oct 2025 10:39:42 +0000"
rss-1760194032960-3417-48,Congo pushes back against U.S. pressure on critical minerals {Business Africa},RSS,2,33.8869,9.5375,Tunisia,www.africanews.com,http://www.africanews.com/2025/10/09/congo-pushes-back-against-us-pressure-on-critical-minerals-business-africa/,"Thu, 09 Oct 2025 15:39:03 +0000"
rss-1760194032960-42122-49,Health crisis fuels protests across Morocco as citizens demand accountability,RSS,2,31.7917,-7.0926,Morocco,www.africanews.com,http://www.africanews.com/2025/10/09/health-crisis-fuels-protests-across-morocco-as-citizens-demand-accountability/,"Thu, 09 Oct 2025 12:56:39 +0000"
rss-1760194034001-78676-0,World: Girls Pay the Price As Aid Cuts Hit Countries with Deepest Gender Inequality,World,4,-26.5225,31.4659,Eswatini,reliefweb.int,https://reliefweb.int/report/world/girls-pay-price-aid-cuts-hit-countries-deepest-gender-inequality,"Sat, 11 Oct 2025 02:01:00 +0000"
rss-1760194034001-35020-1,Mozambique – Conflict and violence in Cabo Delgado and Nampula affecting civilians,Mozambique,2,-18.6657,35.5296,Mozambique,reliefweb.int,https://reliefweb.int/report/mozambique/mozambique-conflict-and-violence-cabo-delgado-and-nampula-affecting-civilians,"Fri, 10 Oct 2025 21:54:46 +0000"
rss-1760194034001-90840-2,"Mozambique: Rapid Gender Analysis in Muidumbe and Chiure districts, Cabo Delgado",Mozambique,2,-18.6657,35.5296,Mozambique,reliefweb.int,https://reliefweb.int/report/mozambique/rapid-gender-analysis-muidumbe-and-chiure-districts-cabo-delgado,"Fri, 10 Oct 2025 20:19:44 +0000"
rss-1760194034001-21509-3,Haiti: Latinoamérica y El Caribe Resumen de Situación Semanal al 10 de octubre 2025,Haiti,2,4.508,1.133,,reliefweb.int,https://reliefweb.int/report/haiti/latinoamerica-y-el-caribe-resumen-de-situacion-semanal-al-10-de-octubre-2025,"Fri, 10 Oct 2025 19:14:22 +0000"
rss-1760194034002-3925-5,Colombia: Predicción Impactos por Fenómenos Hidrometeorológicos: Cuarto Trimestre 2025,Colombia,3,15.4542,18.7322,Chad,reliefweb.int,https://reliefweb.int/report/colombia/colombia-prediccion-impactos-por-fenomenos-hidrometeorologicos-cuarto-trimestre-2025,"Fri, 10 Oct 2025 18:52:15 +0000"
rss-1760194034002-86025-8,Ethiopia - Humanitarian Update (July-Sept),Ethiopia,2,9.145,40.4897,Ethiopia,reliefweb.int,https://reliefweb.int/report/ethiopia/ethiopia-humanitarian-update-july-sept,"Fri, 10 Oct 2025 16:09:16 +0000"
rss-1760194034002-78232-9,South Sudan: Flooding Situation Flash Update No. 6 (As of 10 October 2025),South Sudan,3,7.309,30.655,South Sudan,reliefweb.int,https://reliefweb.int/report/south-sudan/south-sudan-flooding-situation-flash-update-no-6-10-october-2025,"Fri, 10 Oct 2025 15:58:35 +0000"
rss-1760194034002-2015-14,World: Strengthening mental health services in emergencies across Africa,World,3,15.4542,18.7322,Chad,reliefweb.int,https://reliefweb.int/report/world/strengthening-mental-health-services-emergencies-across-africa,"Fri, 10 Oct 2025 14:32:30 +0000"
rss-1760194034002-82212-17,Ethiopia: Mental health care cannot wait in Tigray,Ethiopia,2,9.145,40.4897,Ethiopia,reliefweb.int,https://reliefweb.int/report/ethiopia/mental-health-care-cannot-wait-tigray,"Fri, 10 Oct 2025 14:27:02 +0000"
rss-1760194034003-79969-18,Shelter Cluster Ukraine: Winter Response Snapshot (October 2025 - April 2026),Ukraine,2,3.3,2.5,,reliefweb.int,https://reliefweb.int/report/ukraine/shelter-cluster-ukraine-winter-response-snapshot-october-2025-april-2026,"Fri, 10 Oct 2025 14:21:51 +0000"
rss-1760194034003-48029-19,World: 2025 Global Hunger Index by Severity,World,2,-3.3731,29.9189,Burundi,reliefweb.int,https://reliefweb.int/map/world/2025-global-hunger-index-severity,"Fri, 10 Oct 2025 14:18:11 +0000"
rss-1760194035513-68092-0,"Green earthquake alert (Magnitude 5.5M, Depth:54.706km) in South Sandwich Islands Region 11/10/2025 13:08 UTC, [unknown].",Natural Hazard,3,-56.3773,-26.5568,,www.gdacs.org,https://www.gdacs.org/report.aspx?eventtype=EQ&eventid=1504583,"Sat, 11 Oct 2025 13:24:19 GMT"
rss-1760194035513-95019-1,"Green earthquake alert (Magnitude 5.8M, Depth:76.024km) in Russia 11/10/2025 12:25 UTC, 2 thousand in MMI IV.",Natural Hazard,3,50.3263,156.6974,,www.gdacs.org,https://www.gdacs.org/report.aspx?eventtype=EQ&eventid=1504572,"Sat, 11 Oct 2025 12:45:40 GMT"
rss-1760194035513-55346-2,"Green earthquake alert (Magnitude 5.5M, Depth:60.094km) in Philippines 11/10/2025 10:27 UTC, 1.4 million in MMI IV.",Natural Hazard,3,7.2713,126.798,,www.gdacs.org,https://www.gdacs.org/report.aspx?eventtype=EQ&eventid=1504551,"Sat, 11 Oct 2025 10:46:42 GMT"
rss-1760194035513-51320-3,"Green earthquake alert (Magnitude 5.7M, Depth:10km) in Drake Passage 10/10/2025 21:28 UTC, [unknown].",Natural Hazard,3,-60.0413,-62.3553,,www.gdacs.org,https://www.gdacs.org/report.aspx?eventtype=EQ&eventid=1504466,"Fri, 10 Oct 2025 21:50:01 GMT"
rss-1760194035513-70262-4,"Green earthquake alert (Magnitude 7.6M, Depth:10.499km) in Chile 10/10/2025 20:29 UTC, Few people affected in MMI III.",Natural Hazard,3,-60.1738,-61.967,,www.gdacs.org,https://www.gdacs.org/report.aspx?eventtype=EQ&eventid=1504458,"Fri, 10 Oct 2025 20:42:53 GMT"
rss-1760194035513-15334-5,"Green earthquake alert (Magnitude 5.6M, Depth:76.347km) in Russia 10/10/2025 11:16 UTC, 2 thousand in MMI IV.",Natural Hazard,3,50.3802,156.5204,,www.gdacs.org,https://www.gdacs.org/report.aspx?eventtype=EQ&eventid=1504360,"Fri, 10 Oct 2025 11:33:51 GMT"
rss-1760194035513-28559-6,"Green earthquake alert (Magnitude 6.7M, Depth:61.184km) in Philippines 10/10/2025 11:12 UTC, 40 thousand in MMI VI.",Natural Hazard,3,7.1716,126.7553,,www.gdacs.org,https://www.gdacs.org/report.aspx?eventtype=EQ&eventid=1504359,"Fri, 10 Oct 2025 11:23:42 GMT"
rss-1760194035513-63041-7,"Green earthquake alert (Magnitude 5.5M, Depth:158.185km) in Indonesia 10/10/2025 10:02 UTC, 100 thousand in MMI III.",Natural Hazard,3,-6.9375,129.544,,www.gdacs.org,https://www.gdacs.org/report.aspx?eventtype=EQ&eventid=1504344,"Fri, 10 Oct 2025 10:18:38 GMT"
rss-1760194035513-62460-8,"Green earthquake alert (Magnitude 5.6M, Depth:10km) in Micronesia 10/10/2025 09:43 UTC, 1 thousand in MMI&>=II.",Natural Hazard,3,11.4553,141.5675,,www.gdacs.org,https://www.gdacs.org/report.aspx?eventtype=EQ&eventid=1504340,"Fri, 10 Oct 2025 09:59:18 GMT"
rss-1760194035513-21119-9,"Green earthquake alert (Magnitude 5.5M, Depth:67.729km) in Philippines 10/10/2025 03:32 UTC, 810 thousand in MMI IV.",Natural Hazard,3,7.0638,126.8218,,www.gdacs.org,https://www.gdacs.org/report.aspx?eventtype=EQ&eventid=1504282,"Fri, 10 Oct 2025 03:50:19 GMT"
rss-1760194035513-39039-10,Green alert for tropical cyclone KAREN-25. Population affected by Category 1 (120 km/h) wind speeds or higher is 0  (0 in Tropical Storm).,Natural Hazard,3,47.5,-30.2,,www.gdacs.org,https://www.gdacs.org/report.aspx?eventtype=TC&eventid=1001226,"Fri, 10 Oct 2025 03:13:46 GMT"
rss-1760194035513-57739-11,"Green earthquake alert (Magnitude 5.6M, Depth:63.461km) in Philippines 10/10/2025 02:11 UTC, 250 thousand in MMI IV.",Natural Hazard,3,6.9947,126.7969,,www.gdacs.org,https://www.gdacs.org/report.aspx?eventtype=EQ&eventid=1504271,"Fri, 10 Oct 2025 02:31:57 GMT"
rss-1760194035513-72562-12,"Green earthquake alert (Magnitude 6.3M, Depth:10km) in Papua New Guinea 10/10/2025 02:08 UTC, 2 thousand in MMI V.",Natural Hazard,3,-3.0262,147.9689,Guinea,www.gdacs.org,https://www.gdacs.org/report.aspx?eventtype=EQ&eventid=1504270,"Fri, 10 Oct 2025 02:22:52 GMT"
rss-1760194035513-51178-13,"Green earthquake alert (Magnitude 5.9M, Depth:61.636km) in Philippines 10/10/2025 01:51 UTC, 2.9 million in MMI IV.",Natural Hazard,3,7.1014,126.8879,,www.gdacs.org,https://www.gdacs.org/report.aspx?eventtype=EQ&eventid=1504269,"Fri, 10 Oct 2025 02:16:43 GMT"
rss-1760194035513-62952-14,"Orange earthquake alert (Magnitude 7.4M, Depth:58.087km) in Philippines 10/10/2025 01:43 UTC, 3 million (in MMI>=VII).",Natural Hazard,3,7.2649,126.7545,,www.gdacs.org,https://www.gdacs.org/report.aspx?eventtype=EQ&eventid=1504268,"Fri, 10 Oct 2025 01:55:23 GMT"
rss-1760194035513-74485-15,Green alert for tropical cyclone RAYMOND-25. Population affected by Category 1 (120 km/h) wind speeds or higher is 0  (0 in Tropical Storm).,Natural Hazard,3,20.9,-109.2,,www.gdacs.org,https://www.gdacs.org/report.aspx?eventtype=TC&eventid=1001225,"Thu, 09 Oct 2025 15:08:34 GMT"
rss-1760194035513-29541-16,"Green earthquake alert (Magnitude 6.1M, Depth:54.025km) in Russian Federation 09/10/2025 13:28 UTC, 20 thousand in MMI IV.",Natural Hazard,3,51.686,158.212,,www.gdacs.org,https://www.gdacs.org/report.aspx?eventtype=EQ&eventid=1504229,"Thu, 09 Oct 2025 13:47:32 GMT"
rss-1760194035513-86280-17,Green flood alert in Georgia,Natural Hazard,3,41.8242785,46.2738235,,www.gdacs.org,https://www.gdacs.org/report.aspx?eventtype=FL&eventid=1103552,"Fri, 10 Oct 2025 10:14:23 GMT"
rss-1760194035513-44923-18,"Orange earthquake alert (Magnitude 5.5M, Depth:10km) in China 09/10/2025 05:17 UTC, 3 thousand (in MMI>=VII).",Natural Hazard,3,30.9113,99.92,,www.gdacs.org,https://www.gdacs.org/report.aspx?eventtype=EQ&eventid=1504188,"Thu, 09 Oct 2025 05:35:30 GMT"
rss-1760194035513-35846-19,Green flood alert in Spain,Natural Hazard,3,37.9775416,-0.6828446,,www.gdacs.org,https://www.gdacs.org/report.aspx?eventtype=FL&eventid=1103556,"Sat, 11 Oct 2025 07:17:45 GMT"
rss-1760194035513-93291-25,Green flood alert in China,Natural Hazard,3,22.3463347,106.8507445,,www.gdacs.org,https://www.gdacs.org/report.aspx?eventtype=FL&eventid=1103551,"Fri, 10 Oct 2025 10:12:42 GMT"
rss-1760194035513-63966-26,Green flood alert in Philippines,Natural Hazard,3,5.8610055,124.9967013,,www.gdacs.org,https://www.gdacs.org/report.aspx?eventtype=FL&eventid=1103548,"Thu, 09 Oct 2025 21:47:01 GMT"
rss-1760194035513-31683-28,Green flood alert in El Salvador,Natural Hazard,3,13.7126863,-89.17374,,www.gdacs.org,https://www.gdacs.org/report.aspx?eventtype=FL&eventid=1103553,"Sat, 11 Oct 2025 06:13:02 GMT"
rss-1760194035513-43890-31,Green flood alert in Bulgaria,Natural Hazard,3,42.703969,27.8100651,,www.gdacs.org,https://www.gdacs.org/report.aspx?eventtype=FL&eventid=1103550,"Thu, 09 Oct 2025 21:54:12 GMT"
rss-1760194036566-77268-0,Hitachi Energy Asset Suite,Security,4,3.1,6.5,Mali,www.cisa.gov,https://www.cisa.gov/news-events/ics-advisories/icsa-25-282-01,"Thu, 09 Oct 25 12:00:00 +0000"
rss-1760194036566-44505-1,Rockwell Automation Stratix,Security,4,17.1,7.01,Mali,www.cisa.gov,https://www.cisa.gov/news-events/ics-advisories/icsa-25-282-03,"Thu, 09 Oct 25 12:00:00 +0000"
rss-1760194036566-62361-2,Rockwell Automation Lifecycle Services with Cisco,Security,4,7.7,3.1,Mali,www.cisa.gov,https://www.cisa.gov/news-events/ics-advisories/icsa-25-282-02,"Thu, 09 Oct 25 12:00:00 +0000"
rss-1760194036566-60471-3,CISA Adds One Known Exploited Vulnerability to Catalog,Security,4,17.5707,-3.9962,Mali,www.cisa.gov,https://www.cisa.gov/news-events/alerts/2025/10/09/cisa-adds-one-known-exploited-vulnerability-catalog,"Thu, 09 Oct 25 12:00:00 +0000"
rss-1760194037057-79973-7,"Birr, South Sudanese Pound Weakest Currencies In 2025: <b>World Bank</b> Analysis",RSS,2,9.145,40.4897,Ethiopia,www.google.com,https://www.google.com/alerts/feeds/09678322071861326813/1777354198294681489,2025-10-11T09:01:20Z
rss-1760194037057-51272-13,PCNS President Karim El Aynaoui Joins <b>World Bank</b> Institute for Economic Development Committee,RSS,2,31.7917,-7.0926,Morocco,www.google.com,https://www.google.com/alerts/feeds/09678322071861326813/1777354198294681489,2025-10-11T07:21:15Z